{
  "n_observations": 389,
  "n_pos": 26,
  "n_neg": 363,
  "models": {
    "Model_1_main": {
      "formula": "y ~ quality_score + changed_pct + cc_before + C(condition)",
      "n": 389,
      "loglik": -89.05,
      "aic": 192.1,
      "bic": 219.845,
      "mcfadden_r2": 0.0671,
      "lr_pvalue": 0.0462,
      "coefficients": {
        "Intercept": {
          "coef": -2.146,
          "se": 0.8383,
          "z": -2.56,
          "p": 0.010468,
          "or": 0.117,
          "or_ci": [
            0.0226,
            0.6047
          ]
        },
        "C(condition)[T.C]": {
          "coef": 0.26,
          "se": 0.5945,
          "z": 0.437,
          "p": 0.661908,
          "or": 1.2969,
          "or_ci": [
            0.4044,
            4.1586
          ]
        },
        "C(condition)[T.G]": {
          "coef": -0.1932,
          "se": 0.6642,
          "z": -0.291,
          "p": 0.771118,
          "or": 0.8243,
          "or_ci": [
            0.2242,
            3.0303
          ]
        },
        "C(condition)[T.T]": {
          "coef": 0.8126,
          "se": 0.772,
          "z": 1.053,
          "p": 0.292566,
          "or": 2.2537,
          "or_ci": [
            0.4963,
            10.2338
          ]
        },
        "quality_score": {
          "coef": -0.0232,
          "se": 0.1036,
          "z": -0.224,
          "p": 0.822432,
          "or": 0.977,
          "or_ci": [
            0.7975,
            1.1969
          ]
        },
        "changed_pct": {
          "coef": 1.3642,
          "se": 0.9681,
          "z": 1.409,
          "p": 0.158782,
          "or": 3.9124,
          "or_ci": [
            0.5867,
            26.0888
          ]
        },
        "cc_before": {
          "coef": -0.1642,
          "se": 0.0565,
          "z": -2.903,
          "p": 0.003693,
          "or": 0.8486,
          "or_ci": [
            0.7596,
            0.9481
          ]
        }
      }
    },
    "Model_2_semantic": {
      "formula": "y ~ semantic_score + changed_pct + cc_before + C(condition)",
      "n": 389,
      "loglik": -88.778,
      "aic": 191.556,
      "bic": 219.301,
      "mcfadden_r2": 0.0699,
      "lr_pvalue": 0.03779,
      "coefficients": {
        "Intercept": {
          "coef": -3.1805,
          "se": 1.4833,
          "z": -2.144,
          "p": 0.032022,
          "or": 0.0416,
          "or_ci": [
            0.0023,
            0.761
          ]
        },
        "C(condition)[T.C]": {
          "coef": 0.2219,
          "se": 0.5921,
          "z": 0.375,
          "p": 0.707898,
          "or": 1.2484,
          "or_ci": [
            0.3911,
            3.9846
          ]
        },
        "C(condition)[T.G]": {
          "coef": -0.2128,
          "se": 0.6631,
          "z": -0.321,
          "p": 0.748261,
          "or": 0.8083,
          "or_ci": [
            0.2204,
            2.9647
          ]
        },
        "C(condition)[T.T]": {
          "coef": 0.8579,
          "se": 0.7608,
          "z": 1.128,
          "p": 0.259497,
          "or": 2.3582,
          "or_ci": [
            0.5308,
            10.4757
          ]
        },
        "semantic_score": {
          "coef": 0.0928,
          "se": 0.1348,
          "z": 0.688,
          "p": 0.491257,
          "or": 1.0972,
          "or_ci": [
            0.8425,
            1.4291
          ]
        },
        "changed_pct": {
          "coef": 1.4679,
          "se": 0.9852,
          "z": 1.49,
          "p": 0.136252,
          "or": 4.3399,
          "or_ci": [
            0.6293,
            29.9287
          ]
        },
        "cc_before": {
          "coef": -0.1711,
          "se": 0.0551,
          "z": -3.108,
          "p": 0.001883,
          "or": 0.8427,
          "or_ci": [
            0.7565,
            0.9387
          ]
        }
      }
    },
    "Model_3_baseline": {
      "formula": "y ~ changed_pct + cc_before + C(condition)",
      "n": 389,
      "loglik": -89.075,
      "aic": 190.149,
      "bic": 213.931,
      "mcfadden_r2": 0.0668,
      "lr_pvalue": 0.025756,
      "coefficients": {
        "Intercept": {
          "coef": -2.2683,
          "se": 0.6399,
          "z": -3.545,
          "p": 0.000393,
          "or": 0.1035,
          "or_ci": [
            0.0295,
            0.3627
          ]
        },
        "C(condition)[T.C]": {
          "coef": 0.2486,
          "se": 0.5905,
          "z": 0.421,
          "p": 0.673788,
          "or": 1.2822,
          "or_ci": [
            0.403,
            4.0796
          ]
        },
        "C(condition)[T.G]": {
          "coef": -0.2017,
          "se": 0.6621,
          "z": -0.305,
          "p": 0.760656,
          "or": 0.8173,
          "or_ci": [
            0.2233,
            2.9922
          ]
        },
        "C(condition)[T.T]": {
          "coef": 0.846,
          "se": 0.7571,
          "z": 1.117,
          "p": 0.26385,
          "or": 2.3303,
          "or_ci": [
            0.5284,
            10.2774
          ]
        },
        "changed_pct": {
          "coef": 1.3412,
          "se": 0.9675,
          "z": 1.386,
          "p": 0.165651,
          "or": 3.8238,
          "or_ci": [
            0.5741,
            25.4698
          ]
        },
        "cc_before": {
          "coef": -0.168,
          "se": 0.0544,
          "z": -3.088,
          "p": 0.002012,
          "or": 0.8454,
          "or_ci": [
            0.7599,
            0.9405
          ]
        }
      }
    }
  },
  "cv": {
    "Model_1_main": {
      "n_folds": 5,
      "roc_auc_mean": 0.6494,
      "roc_auc_std": 0.0965,
      "accuracy_mean": 0.9332,
      "brier_mean": 0.0635
    },
    "Model_2_semantic": {
      "n_folds": 5,
      "roc_auc_mean": 0.6385,
      "roc_auc_std": 0.0934,
      "accuracy_mean": 0.9332,
      "brier_mean": 0.0634
    },
    "Model_3_baseline": {
      "n_folds": 5,
      "roc_auc_mean": 0.6438,
      "roc_auc_std": 0.1023,
      "accuracy_mean": 0.9332,
      "brier_mean": 0.0633
    }
  }
}